{
    "loss": 0.07375342398881912,
    "accuracy": 0.9640287756919861
}